{
  "samples": [
    0.6727190017700195,
    0.6864676475524902,
    0.6907510757446289,
    0.5588705539703369,
    0.5472891330718994,
    0.5676364898681641,
    0.5579161643981934,
    0.5679559707641602,
    0.5584208965301514,
    0.5471701622009277,
    0.5126008987426758,
    0.5243098735809326,
    0.5177593231201172,
    0.5111052989959717,
    0.521021842956543,
    0.5283279418945312,
    0.5086281299591064,
    0.5142645835876465,
    0.5046744346618652,
    0.5287883281707764,
    0.5187530517578125,
    0.5018141269683838,
    0.5209903717041016,
    0.5063033103942871,
    0.5057659149169922,
    0.5192849636077881,
    0.5066680908203125,
    0.4934360980987549,
    0.5091297626495361,
    1.8490841388702393,
    0.5166237354278564,
    0.5217549800872803,
    0.5050277709960938,
    0.49793529510498047,
    0.5130753517150879,
    0.5151429176330566,
    0.5013885498046875,
    0.511350154876709,
    0.5065464973449707,
    0.552354097366333,
    0.5397117137908936,
    0.5480096340179443,
    0.5905349254608154,
    0.5379536151885986,
    0.5627174377441406,
    0.564734935760498,
    0.5413737297058105,
    0.5409150123596191,
    0.5424189567565918,
    0.5414278507232666,
    0.5453662872314453,
    0.5654575824737549,
    0.5661098957061768,
    0.5334646701812744,
    0.5250000953674316,
    0.5194802284240723,
    0.529008150100708,
    0.538886308670044,
    0.5242438316345215,
    0.5249941349029541,
    0.5374550819396973,
    0.5347974300384521,
    0.6489591598510742,
    0.5295641422271729,
    0.5095822811126709,
    0.5160679817199707,
    0.5228965282440186,
    0.5404770374298096,
    0.5258305072784424,
    0.5234339237213135,
    0.6613743305206299,
    0.5286457538604736,
    0.5498747825622559,
    0.5167062282562256,
    0.521165132522583,
    0.5475916862487793,
    0.9867472648620605,
    0.6278531551361084,
    0.5067455768585205,
    0.6122181415557861,
    0.5552246570587158,
    0.6383147239685059,
    0.6027543544769287,
    0.5722715854644775,
    0.5446887016296387,
    0.5499908924102783,
    0.6094686985015869,
    0.5488898754119873,
    0.5538411140441895,
    0.5499863624572754,
    0.5611572265625,
    0.5494394302368164,
    0.5531790256500244,
    0.5390462875366211,
    0.5091304779052734,
    0.5260241031646729,
    0.516364336013794,
    0.5287148952484131,
    0.5138792991638184,
    0.5093426704406738
  ],
  "avg": 0.560606107711792,
  "median": 0.5341310501098633,
  "count": 1525
}