{
  "samples": [
    1.465151071548462,
    1.558253526687622,
    1.4534194469451904,
    1.5394797325134277,
    1.421161413192749,
    1.5564606189727783,
    1.5945549011230469,
    1.450315237045288,
    1.4763593673706055,
    1.5860135555267334,
    1.9546072483062744,
    1.5128695964813232,
    1.4088714122772217,
    1.6949896812438965,
    1.4870622158050537,
    1.5932340621948242,
    1.4918246269226074,
    1.71305513381958,
    1.8047101497650146,
    2.275453805923462,
    1.5399794578552246,
    1.631680965423584,
    1.566472053527832,
    1.6838748455047607,
    1.9271619319915771,
    1.5797686576843262,
    1.5956389904022217,
    1.7029073238372803,
    1.7390499114990234,
    1.4728610515594482,
    1.4684302806854248,
    1.0625474452972412,
    1.1155400276184082,
    1.0504536628723145,
    1.0423688888549805,
    1.002751111984253,
    1.0235512256622314,
    1.1127903461456299,
    1.1464078426361084,
    1.1591484546661377,
    1.44425630569458,
    1.1587395668029785,
    1.131394863128662,
    1.1855401992797852,
    1.0720298290252686,
    1.0091674327850342,
    1.0871622562408447,
    1.057065486907959,
    1.0274431705474854,
    0.9493210315704346,
    1.011763334274292,
    1.0141103267669678,
    1.090451717376709,
    1.0234918594360352,
    1.0007328987121582,
    1.0189974308013916,
    1.0401206016540527,
    1.0673067569732666,
    1.0325117111206055,
    1.1606242656707764,
    1.1232266426086426,
    1.067427635192871,
    1.112337589263916,
    1.0676169395446777,
    0.980231761932373,
    2.7113354206085205,
    1.6489231586456299,
    1.3013126850128174,
    2.0700743198394775,
    2.049359083175659,
    2.216080665588379,
    2.4805638790130615,
    2.4797849655151367,
    2.2496891021728516,
    1.2771210670471191,
    1.4199941158294678,
    1.6249818801879883,
    1.4081053733825684,
    2.560234785079956,
    1.7877509593963623,
    1.8285136222839355,
    1.4914705753326416,
    1.3759374618530273,
    1.3133645057678223,
    1.969815969467163,
    1.2309491634368896,
    1.2326624393463135,
    1.1219322681427002,
    1.2062020301818848,
    1.1946780681610107,
    1.241748571395874,
    1.582425594329834,
    1.2977783679962158,
    1.092513084411621,
    1.2406442165374756,
    1.0953149795532227,
    1.0852975845336914,
    1.292184829711914,
    1.07417631149292,
    1.2479503154754639
  ],
  "avg": 1.4209517431259155,
  "median": 1.3446509838104248,
  "count": 552