{
  "samples": [
    0.681610107421875,
    0.6498546600341797,
    0.6783032417297363,
    0.616668701171875,
    1.272357702255249,
    0.6676657199859619,
    0.6078770160675049,
    0.7899880409240723,
    0.7035942077636719,
    1.3338291645050049,
    1.2616922855377197,
    1.2502188682556152,
    1.237452745437622,
    1.6288535594940186,
    1.2645947933197021,
    1.2629940509796143,
    1.7228608131408691,
    1.5283458232879639,
    1.4130656719207764,
    1.3427553176879883,
    1.45621919631958,
    1.3909118175506592,
    1.4210944175720215,
    1.3668057918548584,
    1.8163187503814697,
    1.2557556629180908,
    1.3722689151763916,
    1.2642149925231934,
    1.3042354583740234,
    1.2385821342468262,
    1.3498685359954834,
    0.5833499431610107,
    0.6158459186553955,
    0.617241382598877,
    0.5887503623962402,
    0.6058773994445801,
    0.819110631942749,
    0.6596965789794922,
    0.6309375762939453,
    0.6199831962585449,
    1.25132155418396,
    1.358267068862915,
    1.3475072383880615,
    1.3792638778686523,
    1.2793960571289062,
    1.2804081439971924,
    1.3621764183044434,
    1.2493352890014648,
    1.2988333702087402,
    1.262190341949463,
    1.3221440315246582,
    1.3408575057983398,
    1.43290114402771,
    1.3231358528137207,
    1.266585350036621,
    1.294816255569458,
    1.28220796585083,
    1.6825430393218994,
    1.3257665634155273,
    1.3482890129089355,
    1.2877349853515625,
    1.2992627620697021,
    1.29323410987854,
    1.4040558338165283,
    1.2643635272979736,
    1.3341455459594727,
    1.3582420349121094,
    1.3639800548553467
  ],
  "avg": 1.1791855307186352,
  "median": 1.2849714756011963,
  "count": 68
}