{
  "samples": [
    1.4942560195922852,
    1.7346017360687256,
    1.6037278175354004,
    1.8136577606201172,
    1.4595623016357422,
    1.5268504619598389,
    1.559216022491455,
    1.521662712097168,
    1.7973017692565918,
    1.696770191192627,
    1.6603853702545166,
    1.584186315536499,
    1.5981402397155762,
    1.4917302131652832,
    1.5936408042907715,
    1.5200846195220947,
    1.5108733177185059,
    1.614734411239624,
    1.5051565170288086,
    1.5984902381896973,
    1.6369361877441406,
    1.551917552947998,
    1.4609336853027344,
    1.510399341583252,
    1.6705708503723145,
    1.8357586860656738,
    1.6937227249145508,
    1.5472815036773682,
    1.5642311573028564,
    1.5438282489776611,
    1.5233287811279297,
    1.6397318840026855,
    1.8095142841339111,
    2.2655341625213623,
    1.9170494079589844,
    1.7235591411590576,
    1.6085553169250488,
    1.4305987358093262,
    1.4476573467254639,
    1.4753336906433105,
    1.4116663932800293,
    1.5740680694580078,
    1.4871957302093506,
    1.6676430702209473,
    1.4852545261383057,
    1.5847492218017578,
    2.3218235969543457,
    1.381455898284912,
    1.3991296291351318,
    1.364708423614502,
    1.3781545162200928,
    1.3526785373687744,
    1.561539649963379,
    1.4984447956085205,
    1.5265898704528809,
    1.554957628250122,
    1.5384490489959717,
    1.541017770767212,
    1.63555908203125,
    1.8419928550720215,
    1.5229294300079346,
    1.5815794467926025,
    1.6208596229553223,
    1.6901805400848389,
    1.484938144683838,
    1.4765546321868896,
    1.3757829666137695,
    1.38850998878479,
    1.4072730541229248,
    1.465151071548462,
    1.558253526687622,
    1.4534194469451904,
    1.5394797325134277,
    1.421161413192749,
    1.5564606189727783,
    1.5945549011230469,
    1.450315237045288,
    1.4763593673706055,
    1.5860135555267334,
    1.9546072483062744,
    1.5128695964813232,
    1.4088714122772217,
    1.6949896812438965,
    1.4870622158050537,
    1.5932340621948242,
    1.4918246269226074,
    1.71305513381958,
    1.8047101497650146,
    2.275453805923462,
    1.5399794578552246,
    1.631680965423584,
    1.566472053527832,
    1.6838748455047607,
    1.9271619319915771,
    1.5797686576843262,
    1.5956389904022217,
    1.7029073238372803,
    1.7390499114990234,
    1.4728610515594482,
    1.4684302806854248
  ],
  "avg": 1.5934282994270326,
  "median": 1.5573570728302002,
  "count": 483
}