{
  "samples": [
    0.681610107421875,
    0.6498546600341797,
    0.6783032417297363,
    0.616668701171875,
    1.272357702255249
  ],
  "avg": 0.779758882522583,
  "median": 0.6783032417297363,
  "count": 5
}