{
  "samples": [
    0.8292839527130127,
    1.643183946609497,
    1.9468562602996826,
    1.3405258655548096,
    1.625049352645874,
    1.6295483112335205,
    1.7213921546936035,
    1.747241497039795,
    1.5575027465820312,
    1.611320972442627,
    1.5856995582580566,
    1.589475393295288,
    1.653588056564331,
    1.792771816253662,
    1.5515367984771729,
    1.7560484409332275,
    1.6947696208953857,
    1.703338623046875,
    1.663135051727295,
    1.546388864517212,
    2.66994047164917,
    2.1801438331604004,
    2.0616416931152344,
    2.1691489219665527,
    2.5694730281829834,
    2.0800585746765137,
    1.9703433513641357,
    1.9668855667114258,
    1.85353684425354,
    1.796851634979248,
    2.060335159301758,
    1.845696210861206,
    2.4151532649993896,
    2.3871631622314453,
    2.1379780769348145,
    1.6992263793945312,
    0.6336688995361328,
    1.729262351989746,
    1.4816582202911377,
    1.859168529510498,
    1.4907054901123047,
    1.4373655319213867,
    2.26526141166687,
    1.4011130332946777,
    2.027069091796875,
    2.2014503479003906,
    2.0666565895080566,
    1.5398740768432617,
    2.2858328819274902,
    0.6633563041687012,
    1.0918810367584229,
    0.7272968292236328,
    1.4836928844451904,
    1.4756863117218018,
    1.426802396774292,
    1.5519161224365234,
    1.4900531768798828,
    1.499650239944458,
    1.5265486240386963,
    1.5107014179229736,
    1.5211067199707031,
    1.8184611797332764,
    1.7999985218048096,
    1.8966569900512695,
    1.6418402194976807,
    1.5548326969146729,
    1.537684440612793,
    0.8753125667572021,
    1.6089603900909424,
    1.5940167903900146,
    1.0764968395233154,
    1.179377555847168,
    1.5614197254180908,
    0.7607808113098145,
    1.0117673873901367,
    1.2946619987487793,
    1.1658480167388916,
    1.1798241138458252,
    1.004668951034546,
    1.6278479099273682,
    0.7822251319885254,
    0.7811756134033203,
    1.6356616020202637,
    1.4222559928894043,
    1.5419278144836426,
    1.5696568489074707,
    1.698594331741333,
    1.7972123622894287,
    2.189047336578369,
    1.7075881958007812,
    1.788280963897705,
    1.8921663761138916,
    1.8005824089050293,
    1.78373384475708,
    1.7161004543304443,
    0.7313363552093506,
    0.815218448638916,
    0.7790443897247314,
    2.244149684906006,
    2.3144726753234863
  ],
  "avg": 1.616208999156952,
  "median": 1.6286981105804443,
  "count": 3940
}