{
  "samples": [
    1.248093605041504,
    1.2093911170959473,
    1.183464527130127,
    1.1325533390045166,
    1.179551601409912,
    1.1808383464813232,
    1.148881196975708,
    1.25040864944458,
    1.1911675930023193,
    1.2021284103393555,
    1.1867482662200928,
    1.1330924034118652,
    1.176302194595337,
    2.107739210128784,
    1.1336493492126465,
    1.1100060939788818,
    1.1413986682891846,
    1.1966321468353271,
    1.2245216369628906,
    1.4377682209014893,
    1.1211087703704834,
    1.1440272331237793,
    1.2204110622406006,
    1.2358555793762207,
    1.2386362552642822,
    1.6766221523284912,
    1.4876081943511963,
    1.2416155338287354,
    2.274009943008423,
    1.3054158687591553,
    1.4541151523590088,
    1.3182389736175537,
    1.463855266571045,
    1.2785682678222656,
    1.6398732662200928,
    1.2429313659667969,
    2.7454440593719482,
    1.1075935363769531,
    1.12709379196167,
    1.1704399585723877,
    1.2698094844818115,
    1.1703479290008545,
    1.1198787689208984,
    1.1863093376159668,
    1.78013277053833,
    2.2129640579223633,
    2.1762452125549316,
    1.712843656539917,
    1.8884270191192627,
    1.2218263149261475,
    1.1107847690582275,
    1.1772065162658691,
    1.4048001766204834,
    1.2642929553985596,
    1.2203004360198975,
    1.2089223861694336,
    1.1675987243652344,
    1.1297035217285156,
    2.457406997680664,
    1.2871019840240479,
    1.3669655323028564,
    1.1714558601379395,
    1.2024867534637451,
    1.152904748916626,
    1.3035993576049805,
    1.1681640148162842,
    2.3642446994781494,
    1.4414279460906982,
    1.3247730731964111,
    1.224588394165039,
    1.4237616062164307,
    3.030764102935791,
    1.545790195465088,
    1.3933649063110352,
    1.5014026165008545,
    1.5083777904510498,
    1.491137981414795,
    1.3190555572509766,
    1.5092377662658691,
    1.3534505367279053,
    1.6768810749053955,
    1.333263874053955,
    11.448222637176514,
    2.000823974609375,
    1.5664877891540527,
    1.5068316459655762,
    1.3449773788452148,
    1.4901111125946045,
    1.463824987411499,
    1.193817138671875,
    1.2504158020019531,
    3.1604602336883545,
    1.9625236988067627,
    1.6039495468139648,
    1.3178577423095703,
    1.38301682472229,
    1.4288043975830078,
    1.672492504119873,
    2.173708915710449,
    1.525843620300293
  ],
  "avg": 1.547359721660614,
  "median": 1.3045076131820679,
  "count": 2451
}