{
  "samples": [
    2.0666565895080566,
    1.5398740768432617,
    2.2858328819274902,
    0.6633563041687012,
    1.0918810367584229,
    0.7272968292236328,
    1.4836928844451904,
    1.4756863117218018,
    1.426802396774292,
    1.5519161224365234,
    1.4900531768798828,
    1.499650239944458,
    1.5265486240386963,
    1.5107014179229736,
    1.5211067199707031,
    1.8184611797332764,
    1.7999985218048096,
    1.8966569900512695,
    1.6418402194976807,
    1.5548326969146729,
    1.537684440612793,
    0.8753125667572021,
    1.6089603900909424,
    1.5940167903900146,
    1.0764968395233154,
    1.179377555847168,
    1.5614197254180908,
    0.7607808113098145,
    1.0117673873901367,
    1.2946619987487793,
    1.1658480167388916,
    1.1798241138458252,
    1.004668951034546,
    1.6278479099273682,
    0.7822251319885254,
    0.7811756134033203,
    1.6356616020202637,
    1.4222559928894043,
    1.5419278144836426,
    1.5696568489074707,
    1.698594331741333,
    1.7972123622894287,
    2.189047336578369,
    1.7075881958007812,
    1.788280963897705,
    1.8921663761138916,
    1.8005824089050293,
    1.78373384475708,
    1.7161004543304443,
    0.7313363552093506,
    0.815218448638916,
    0.7790443897247314,
    2.244149684906006,
    2.3144726753234863,
    0.5795426368713379,
    0.6391844749450684,
    0.604379415512085,
    0.6145672798156738,
    0.5795824527740479,
    0.5106911659240723,
    0.5838687419891357,
    0.8277180194854736,
    3.051185131072998,
    0.6031112670898438,
    0.6576449871063232,
    0.64351487159729,
    0.6587371826171875,
    0.577258825302124,
    0.6765120029449463,
    0.7598273754119873,
    0.5270514488220215,
    0.7071859836578369,
    1.564164161682129,
    0.8097567558288574,
    0.6865756511688232,
    0.911797285079956,
    1.909515380859375,
    1.5834810733795166,
    2.3164470195770264,
    1.1396427154541016,
    2.906865358352661,
    0.9054884910583496,
    1.753166913986206,
    1.52537202835083,
    0.7163188457489014,
    1.051729440689087,
    0.536407470703125,
    1.398097038269043,
    0.6689474582672119,
    0.8146936893463135,
    41.17718982696533,
    2.7828338146209717,
    40.1738064289093,
    0.9969372749328613,
    1.0833978652954102,
    0.9321329593658447,
    0.9440858364105225,
    7.732044458389282,
    0.9150300025939941,
    0.670985221862793
  ],
  "avg": 2.1345041728019716,
  "median": 1.3463795185089111,
  "count": 3986
}