{
  "samples": [
    1.002863883972168,
    0.6744430065155029,
    0.7858157157897949,
    1.5732476711273193,
    0.6356146335601807,
    1.4227628707885742,
    1.5400691032409668,
    1.5728719234466553,
    1.6442689895629883,
    1.8846585750579834,
    2.181344985961914,
    1.0734062194824219,
    1.083808183670044,
    0.848731517791748,
    1.6265873908996582,
    1.6035590171813965,
    0.8025674819946289,
    1.6032936573028564,
    0.9247963428497314,
    2.345700979232788,
    1.5778062343597412,
    0.8396942615509033,
    1.6574668884277344,
    0.7950329780578613,
    0.6540720462799072,
    0.7496228218078613,
    1.5960853099822998,
    1.823427438735962,
    1.7852983474731445,
    1.3793377876281738,
    1.219472885131836,
    1.0766017436981201,
    0.9330682754516602,
    1.7361407279968262,
    1.0364727973937988,
    1.0958292484283447,
    1.7595961093902588,
    1.0353238582611084,
    1.2572073936462402,
    1.0379447937011719,
    0.9934978485107422,
    1.8547956943511963,
    1.0835964679718018,
    1.764202356338501,
    1.0256047248840332,
    1.147857666015625,
    1.3143746852874756,
    1.0468597412109375,
    1.121455192565918,
    2.1138086318969727,
    1.26475191116333,
    1.0270390510559082,
    1.5715794563293457,
    0.9176263809204102,
    0.8942320346832275,
    1.659071683883667,
    0.7992269992828369,
    1.6309611797332764,
    2.687154531478882,
    1.2783784866333008,
    1.7831735610961914,
    1.5556092262268066,
    1.5914671421051025,
    1.5852460861206055,
    0.9153990745544434,
    1.6416478157043457,
    1.645237922668457,
    1.1206324100494385,
    0.8893556594848633,
    0.8721685409545898,
    0.8461189270019531,
    0.6986227035522461,
    0.8141560554504395,
    1.6894125938415527,
    0.8150272369384766,
    1.5554265975952148,
    1.0442917346954346,
    1.202458143234253,
    0.8056857585906982,
    1.145655632019043,
    0.9081220626831055,
    0.8626761436462402,
    0.9770267009735107,
    0.9918041229248047,
    0.9791421890258789,
    0.8904528617858887,
    0.9201056957244873,
    0.924422025680542,
    0.854785680770874,
    0.7584812641143799,
    0.9281675815582275,
    1.6151561737060547,
    0.9153673648834229,
    1.7991793155670166,
    1.5880928039550781,
    0.8637573719024658,
    1.4691963195800781,
    1.474463701248169,
    0.921745777130127,
    1.7184159755706787
  ],
  "avg": 1.2564934277534485,
  "median": 1.1082308292388916,
  "count": 3306
