{
  "samples": [
    2.031215190887451,
    2.2537500858306885,
    2.0459320545196533,
    2.2183337211608887,
    2.205399513244629,
    2.3758156299591064,
    2.0859336853027344,
    2.1803359985351562,
    2.127997398376465,
    6.791699647903442,
    2.0882585048675537,
    2.3179268836975098,
    2.0934956073760986,
    1.9203486442565918,
    2.716743230819702,
    2.241013526916504,
    2.252016544342041,
    2.1536917686462402,
    2.4815940856933594,
    2.215893030166626,
    2.106086492538452,
    2.0144009590148926,
    2.1621952056884766,
    2.1468770503997803,
    2.2543258666992188,
    2.1501429080963135,
    2.4933271408081055,
    2.177304983139038,
    3.416776180267334,
    2.14949893951416,
    2.230301856994629,
    2.347208023071289,
    2.1238250732421875,
    2.1946537494659424,
    2.480464220046997,
    2.148606061935425,
    1.9635488986968994,
    2.2194061279296875,
    2.0568439960479736,
    2.0730884075164795,
    2.1094439029693604,
    2.501918315887451,
    2.099052906036377,
    2.4348201751708984,
    2.4718189239501953,
    1.9410781860351562,
    2.0199294090270996,
    2.187856912612915,
    2.4890694618225098,
    2.425982713699341,
    2.3806567192077637,
    2.4937267303466797,
    2.311257839202881,
    2.192535638809204,
    2.6131350994110107,
    2.0589852333068848,
    2.3014605045318604,
    2.227252721786499,
    1.9568250179290771,
    2.2084310054779053,
    2.3450067043304443,
    2.3958752155303955,
    2.161433219909668,
    2.0822062492370605,
    1.5363695621490479,
    2.062410593032837,
    2.352435827255249,
    5.137308359146118,
    2.1911611557006836,
    2.18350887298584,
    2.4262330532073975,
    1.9849536418914795,
    2.0188679695129395,
    2.006654739379883,
    2.2625732421875,
    2.1059205532073975,
    1.2696070671081543,
    2.210977554321289,
    2.4626173973083496,
    2.2268338203430176,
    2.0292248725891113,
    2.0343515872955322,
    2.341071367263794,
    2.035290479660034,
    2.139950752258301,
    2.3240325450897217,
    2.3752670288085938,
    2.2294604778289795,
    2.3028104305267334,
    2.1966702938079834,
    1.544679880142212,
    1.915238618850708,
    1.8861641883850098,
    2.120866537094116,
    2.0162718296051025,
    2.214897394180298,
    1.4569506645202637,
    1.514854907989502,
    1.8641254901885986,
    2.126291036605835
  ],
  "avg": 2.2522293949127197,
  "median": 2.1856828927993774,
  "count": 1291
}