{
  "samples": [
    1.1605684757232666,
    1.0916900634765625,
    1.0179572105407715,
    1.1714041233062744,
    1.1269779205322266,
    1.0974698066711426,
    1.1724457740783691,
    1.10811448097229,
    1.3767313957214355,
    1.1539771556854248,
    1.1616017818450928,
    0.9038395881652832,
    1.0871505737304688,
    1.2386054992675781,
    1.5000410079956055,
    1.155357837677002,
    1.262120008468628,
    1.0858278274536133,
    1.3625860214233398,
    1.4351658821105957,
    1.2280449867248535,
    0.858257532119751,
    1.4421164989471436,
    2.12113881111145,
    1.345324993133545,
    2.0709192752838135,
    1.3890399932861328,
    2.0750577449798584,
    1.5994653701782227,
    1.303621768951416,
    1.9636120796203613,
    1.229712724685669,
    2.5153322219848633,
    1.1217365264892578,
    1.1540420055389404,
    1.4759347438812256,
    0.9920949935913086,
    1.2476329803466797,
    1.9550390243530273,
    2.0194458961486816,
    1.445183277130127,
    1.263988971710205,
    1.5588939189910889,
    1.471893548965454,
    1.3625121116638184,
    1.4351413249969482,
    1.566687822341919,
    1.3474862575531006,
    1.303649663925171,
    2.0160529613494873,
    1.1962077617645264,
    2.218541383743286,
    1.2349836826324463,
    2.092388153076172,
    1.2658183574676514,
    1.7203717231750488,
    1.4276087284088135,
    1.2517032623291016,
    1.2304015159606934,
    2.0904228687286377,
    2.288402557373047,
    0.9128146171569824,
    1.1645069122314453,
    1.4271271228790283,
    2.0031566619873047,
    2.0722038745880127,
    1.5904502868652344,
    2.0832221508026123,
    1.9919939041137695,
    1.5624964237213135,
    2.106701135635376,
    2.4009182453155518,
    1.389371395111084,
    2.0000336170196533,
    2.2043726444244385,
    2.031581163406372,
    2.1645679473876953,
    2.4074411392211914,
    2.205190658569336,
    1.377784252166748,
    2.106947183609009,
    1.1785104274749756,
    2.0444283485412598,
    1.9462401866912842,
    2.1014246940612793,
    1.3885867595672607,
    2.0969114303588867,
    0.934410810470581,
    0.9470386505126953,
    1.2642664909362793,
    1.055973768234253,
    1.3903343677520752,
    1.3849074840545654,
    1.1280405521392822,
    1.1247494220733643,
    1.388077974319458,
    1.2840807437896729,
    1.375136137008667,
    1.3851125240325928,
    1.2061891555786133
  ],
  "avg": 1.513928437232971,
  "median": 1.385010004043579,
  "count": 2609
}